image,pred
data/raw/indoor/indoor/valid/Aloe_Anthracnose/processed_img_Anthracnose00117.jpg,other
data/raw/indoor/indoor/test/Aloe_Anthracnose/processed_img_Anthracnose00300.JPG,fungal_bacterial
data/raw/indoor/indoor/valid/Aloe_Anthracnose/processed_img_Anthracnose00332.jpeg,fungal_bacterial
data/raw/indoor/indoor/test/Aloe_Anthracnose/processed_img_Anthracnose0088.jpg,watering
data/raw/indoor/indoor/test/Aloe_Anthracnose/processed_img_Anthracnose00261.jpeg,fungal_bacterial
data/raw/indoor/indoor/test/Aloe_Anthracnose/processed_img_Anthracnose00338.jpg,other
data/raw/indoor/indoor/test/Aloe_Anthracnose/processed_img_Anthracnose0045.jpeg,other
data/raw/indoor/indoor/test/Aloe_Healthy/processed_img_Healthy11182.png,healthy
data/raw/indoor/indoor/valid/Aloe_Healthy/processed_img_Healthy1150.jpg,pest
data/raw/indoor/indoor/valid/Aloe_Healthy/processed_img_Healthy11169.jpeg,healthy
data/raw/indoor/indoor/valid/Aloe_Healthy/processed_img_Healthy1145.jpg,healthy
data/raw/indoor/indoor/test/Aloe_Healthy/processed_img_Healthy11695.jpg,healthy
data/raw/indoor/indoor/valid/Aloe_Healthy/processed_img_Healthy11699.jpg,healthy
data/raw/indoor/indoor/test/Aloe_Healthy/processed_img_Healthy11544.jpg,healthy
data/raw/indoor/indoor/valid/Aloe_LeafSpot/processed_img_Leaf Spot00131.jpg,fungal_bacterial
data/raw/indoor/indoor/test/Aloe_LeafSpot/processed_img_Leaf Spot00485.png,fungal_bacterial
data/raw/indoor/indoor/test/Aloe_LeafSpot/processed_img_Leaf Spot00434.jpg,other
data/raw/indoor/indoor/test/Aloe_LeafSpot/processed_img_Leaf Spot00286.jpg,fungal_bacterial
data/raw/indoor/indoor/valid/Aloe_LeafSpot/processed_img_Leaf Spot00155.jpg,fungal_bacterial
data/raw/indoor/indoor/valid/Aloe_LeafSpot/processed_img_Leaf Spot00210.jpeg,healthy
data/raw/indoor/indoor/test/Aloe_LeafSpot/processed_img_Leaf Spot00367.JPG,fungal_bacterial
data/raw/indoor/indoor/valid/Aloe_Rust/processed_img_Aloe Rust0081.JPG,fungal_bacterial
data/raw/indoor/indoor/test/Aloe_Rust/processed_img_Aloe Rust0012.jpeg,pest
data/raw/indoor/indoor/valid/Aloe_Rust/processed_img_Aloe Rust00116.JPG,fungal_bacterial
data/raw/indoor/indoor/test/Aloe_Rust/processed_img_Aloe Rust007.jpeg,fungal_bacterial
data/raw/indoor/indoor/test/Aloe_Rust/processed_img_Aloe Rust0011.jpeg,fungal_bacterial
data/raw/indoor/indoor/valid/Aloe_Rust/processed_img_Aloe Rust00127.png,healthy
data/raw/indoor/indoor/test/Aloe_Rust/processed_img_Aloe Rust0061.jpg,fungal_bacterial
data/raw/indoor/indoor/test/Aloe_Sunburn/processed_img_Sunburn0097.jpeg,healthy
data/raw/indoor/indoor/test/Aloe_Sunburn/processed_img_Sunburn00148.jpeg,watering
data/raw/indoor/indoor/valid/Aloe_Sunburn/processed_img_Sunburn00464.jpg,watering
data/raw/indoor/indoor/test/Aloe_Sunburn/processed_img_Sunburn00331.jpg,other
data/raw/indoor/indoor/test/Aloe_Sunburn/processed_img_Sunburn0051.jpeg,other
data/raw/indoor/indoor/test/Aloe_Sunburn/processed_img_Sunburn00236.JPG,fungal_bacterial
data/raw/indoor/indoor/valid/Cactus_Dactylopius_Opuntia/Dactylopius_opuntia (277).png,pest
data/raw/indoor/indoor/valid/Cactus_Dactylopius_Opuntia/Dactylopius_opuntia (80).png,pest
data/raw/indoor/indoor/valid/Cactus_Dactylopius_Opuntia/Dactylopius_opuntia (335).png,pest
data/raw/indoor/indoor/test/Cactus_Dactylopius_Opuntia/Dactylopius_opuntia (251).png,pest
data/raw/indoor/indoor/valid/Cactus_Dactylopius_Opuntia/Dactylopius_opuntia (117).png,pest
data/raw/indoor/indoor/valid/Cactus_Dactylopius_Opuntia/Dactylopius_opuntia (2).png,pest
data/raw/indoor/indoor/valid/Cactus_Healthy/Healthy (82).png,healthy
data/raw/indoor/indoor/test/Cactus_Healthy/Healthy (225).png,fungal_bacterial
data/raw/indoor/indoor/valid/Cactus_Healthy/Healthy (180).png,other
data/raw/indoor/indoor/test/Cactus_Healthy/Healthy (200).png,healthy
data/raw/indoor/indoor/valid/Cactus_Healthy/Healthy (227).png,fungal_bacterial
data/raw/indoor/indoor/test/Cactus_Healthy/Healthy (196).png,pest
data/raw/indoor/indoor/valid/Money_Plant_Bacterial_wilt_disease/Money_Plant_Bacterial_wilt_disease_021_jpg.rf.5f251623616a8fdc25adae1f519a0b0e.jpg,pest
data/raw/indoor/indoor/valid/Money_Plant_Bacterial_wilt_disease/Money_Plant_Bacterial_wilt_disease_068_jpg.rf.53205fa448557d5b57dc8c44d085732d.jpg,fungal_bacterial
data/raw/indoor/indoor/valid/Money_Plant_Bacterial_wilt_disease/Money_Plant_Bacterial_wilt_disease_027_jpg.rf.ce4ab112c6ebae3b64fbd38cdc0e7501.jpg,fungal_bacterial
data/raw/indoor/indoor/test/Money_Plant_Bacterial_wilt_disease/Money_Plant_Bacterial_wilt_disease_024_jpg.rf.e13bae6fe82e6f9d6df7d0bb975db3e0.jpg,fungal_bacterial
data/raw/indoor/indoor/test/Money_Plant_Bacterial_wilt_disease/Money_Plant_Bacterial_wilt_disease_084_jpg.rf.967170278a9bc6050173abf6f0fd1afb.jpg,fungal_bacterial
data/raw/indoor/indoor/valid/Money_Plant_Bacterial_wilt_disease/Money_Plant_Bacterial_wilt_disease_004_jpg.rf.6028f99b721eaab54019366c51a843b7.jpg,watering
data/raw/indoor/indoor/test/Money_Plant_Healthy/Money_Plant_Healthy_056_jpg.rf.7322b69139b0e03d50e893fc23cb0139.jpg,healthy
data/raw/indoor/indoor/valid/Money_Plant_Healthy/Money_Plant_Healthy_072_jpg.rf.7740795cfdf01573215a8aea7abcddb1.jpg,healthy
data/raw/indoor/indoor/test/Money_Plant_Healthy/Money_Plant_Healthy_092_jpg.rf.d88067cd1fef0ee7621c35ff6637dd1b.jpg,healthy
data/raw/indoor/indoor/valid/Money_Plant_Healthy/Money_Plant_Healthy_050_jpg.rf.326156f54232b7264096c93338dcdf65.jpg,healthy
data/raw/indoor/indoor/valid/Money_Plant_Healthy/Money_Plant_Healthy_028_jpg.rf.4695e32f9928989abb5d47fe88aa686f.jpg,healthy
data/raw/indoor/indoor/test/Money_Plant_Healthy/Money_Plant_Healthy_024_jpg.rf.018f9de0ce68414abd8656ad3ffc2ec5.jpg,healthy
data/raw/indoor/indoor/test/Money_Plant_Manganese_Toxicity/Money_Plant_Manganese_Toxicity_001_jpg.rf.d319683bd0c509c99a295277ff716209.jpg,watering
data/raw/indoor/indoor/valid/Money_Plant_Manganese_Toxicity/Money_Plant_Manganese_Toxicity_043_jpg.rf.0318c89294cf2216edbbc6bfab9e5cd6.jpg,watering
data/raw/indoor/indoor/valid/Money_Plant_Manganese_Toxicity/Money_Plant_Manganese_Toxicity_060_jpg.rf.a999240d914b4f809bf37e56f883100b.jpg,fungal_bacterial
data/raw/indoor/indoor/valid/Money_Plant_Manganese_Toxicity/Money_Plant_Manganese_Toxicity_038_jpg.rf.039be19356f3d1af916c6c3b7d607a53.jpg,watering
data/raw/indoor/indoor/valid/Money_Plant_Manganese_Toxicity/Money_Plant_Manganese_Toxicity_004_jpg.rf.73273bcfd7c1c5c1b87a31f68df7897f.jpg,watering
data/raw/indoor/indoor/valid/Money_Plant_Manganese_Toxicity/Money_Plant_Manganese_Toxicity_037_jpg.rf.22a34f6acf91b35cd0a509407a5e9295.jpg,watering
data/raw/indoor/indoor/valid/Snake_Plant_Anthracnose/Snake_Plant_Anthracnose_024_jpg.rf.4e0d2634db3d14b6e73300e05efe12d4.jpg,fungal_bacterial
data/raw/indoor/indoor/test/Snake_Plant_Anthracnose/Snake_Plant_Anthracnose_042_jpg.rf.8df976b0499b6ccc22f947a19ebbdbc1.jpg,fungal_bacterial
data/raw/indoor/indoor/valid/Snake_Plant_Anthracnose/Snake_Plant_Anthracnose_018_jpg.rf.4872bf31db5d64e278326af3070015fb.jpg,fungal_bacterial
data/raw/indoor/indoor/valid/Snake_Plant_Anthracnose/Snake_Plant_Anthracnose_051_jpg.rf.e1aa068c0c434ff2d12daa28d9741a9e.jpg,fungal_bacterial
data/raw/indoor/indoor/valid/Snake_Plant_Anthracnose/Snake_Plant_Anthracnose_006_jpg.rf.8282ab2159e4b337ef7b777fb70f02b4.jpg,fungal_bacterial
data/raw/indoor/indoor/test/Snake_Plant_Anthracnose/Snake_Plant_Anthracnose_013_jpg.rf.f5429c8532385b3b697b83a2ae5f2d3f.jpg,fungal_bacterial
data/raw/indoor/indoor/valid/Snake_Plant_Healthy/Snake_Plant_Healthy_009_jpg.rf.561184a915c893efc23722cd58c8a401.jpg,healthy
data/raw/indoor/indoor/valid/Snake_Plant_Healthy/Snake_Plant_Healthy_047_jpg.rf.e4e2b56c1d02acda260f71e42861d56c.jpg,healthy
data/raw/indoor/indoor/valid/Snake_Plant_Healthy/Snake_Plant_Healthy_021_jpg.rf.58172198379b2fad518262f0f2052146.jpg,healthy
data/raw/indoor/indoor/test/Snake_Plant_Healthy/Snake_Plant_Healthy_046_jpg.rf.64af80e0fd00fa1f3483827269c35d2e.jpg,healthy
data/raw/indoor/indoor/test/Snake_Plant_Healthy/Snake_Plant_Healthy_013_jpg.rf.b95dce7f29f2a42b1db4f863026d3e07.jpg,healthy
data/raw/indoor/indoor/valid/Snake_Plant_Healthy/Snake_Plant_Healthy_060_jpg.rf.dce384ff67ad94b279bdf8f03d3a2aac.jpg,healthy
data/raw/indoor/indoor/valid/Snake_Plant_Leaf_Withering/Snake_Plant_Leaf_Withering_019_jpg.rf.af7a2f0ba1925fdf0faaab47bfa269a6.jpg,fungal_bacterial
data/raw/indoor/indoor/valid/Snake_Plant_Leaf_Withering/Snake_Plant_Leaf_Withering_052_jpg.rf.ec4b369ee55245bd9c1ec75243f05119.jpg,fungal_bacterial
data/raw/indoor/indoor/valid/Snake_Plant_Leaf_Withering/Snake_Plant_Leaf_Withering_047_jpg.rf.809c71da4f77b15fdeab2a44d3792807.jpg,fungal_bacterial
data/raw/indoor/indoor/valid/Snake_Plant_Leaf_Withering/Snake_Plant_Leaf_Withering_070_jpg.rf.bee5d11b254a29b617f1f222f30465a2.jpg,fungal_bacterial
data/raw/indoor/indoor/test/Snake_Plant_Leaf_Withering/Snake_Plant_Leaf_Withering_024_jpg.rf.53554c95a2cdd1370f350cff8c7c87c6.jpg,fungal_bacterial
data/raw/indoor/indoor/valid/Snake_Plant_Leaf_Withering/Snake_Plant_Leaf_Withering_010_jpg.rf.d8c3cc6470f63e5f369d98740ac83bd4.jpg,other
data/raw/indoor/indoor/valid/Spider_Plant_Fungal_leaf_spot/Spider_Plant_Fungal_leaf_spot_079_jpg.rf.0a2cf553ce47114baac3ed7b2c3f0bf7.jpg,fungal_bacterial
data/raw/indoor/indoor/valid/Spider_Plant_Fungal_leaf_spot/Spider_Plant_Fungal_leaf_spot_062_jpg.rf.e89c5abb81a0926e653507b2f399c598.jpg,fungal_bacterial
data/raw/indoor/indoor/valid/Spider_Plant_Fungal_leaf_spot/Spider_Plant_Fungal_leaf_spot_077_jpg.rf.adf3ecff9aaf20301f56bff16fca6557.jpg,pest
data/raw/indoor/indoor/valid/Spider_Plant_Fungal_leaf_spot/Spider_Plant_Fungal_leaf_spot_046_jpg.rf.be4499feae6008f1cebc1c9737bd4054.jpg,fungal_bacterial
data/raw/indoor/indoor/valid/Spider_Plant_Fungal_leaf_spot/Spider_Plant_Fungal_leaf_spot_080_jpg.rf.4ce293cccbb58db6200e98453b814997.jpg,fungal_bacterial
data/raw/indoor/indoor/valid/Spider_Plant_Fungal_leaf_spot/Spider_Plant_Fungal_leaf_spot_052_jpg.rf.b7ec2b72a34be0c9a41af62058840fa0.jpg,fungal_bacterial
data/raw/indoor/indoor/valid/Spider_Plant_Healthy/Spider_Plant_Healthy_037_jpg.rf.6f34103f306d1128ce3d8cfac6046a3a.jpg,healthy
data/raw/indoor/indoor/valid/Spider_Plant_Healthy/Spider_Plant_Healthy_005_jpg.rf.04de69ca08efdc956db3cbdde87a68a3.jpg,healthy
data/raw/indoor/indoor/valid/Spider_Plant_Healthy/Spider_Plant_Healthy_027_jpg.rf.97633c6b51bd05a62855f97eee9cc9c2.jpg,healthy
data/raw/indoor/indoor/valid/Spider_Plant_Healthy/Spider_Plant_Healthy_089_jpg.rf.f0ba6baec891c41a4d6cb209da80298f.jpg,watering
data/raw/indoor/indoor/valid/Spider_Plant_Healthy/Spider_Plant_Healthy_031_jpg.rf.6ad292a4301c11657c36ef57ef177645.jpg,healthy
data/raw/indoor/indoor/test/Spider_Plant_Healthy/Spider_Plant_Healthy_057_jpg.rf.249ad7cbb68af467b90df3a5c828d86e.jpg,healthy
data/raw/indoor/indoor/valid/Spider_Plant_Leaf_Tip_Necrosis/Spider_Plant_Leaf_Tip_Necrosis_123_jpg.rf.46629804ae289cccfcd8646b5f0696c1.jpg,watering
data/raw/indoor/indoor/valid/Spider_Plant_Leaf_Tip_Necrosis/Spider_Plant_Leaf_Tip_Necrosis_040_jpg.rf.37bc28906d5306973be7d85749dbacb6.jpg,watering
data/raw/indoor/indoor/valid/Spider_Plant_Leaf_Tip_Necrosis/Spider_Plant_Leaf_Tip_Necrosis_078_jpg.rf.d5c09d213e3eefde27bf3481c7f6675e.jpg,watering
data/raw/indoor/indoor/valid/Spider_Plant_Leaf_Tip_Necrosis/Spider_Plant_Leaf_Tip_Necrosis_028_jpg.rf.bae3c36af841df27d6c788a289afbc36.jpg,other
data/raw/indoor/indoor/valid/Spider_Plant_Leaf_Tip_Necrosis/Spider_Plant_Leaf_Tip_Necrosis_071_jpg.rf.95726a29ae8672473b15915427864a7f.jpg,watering
data/raw/indoor/indoor/valid/Spider_Plant_Leaf_Tip_Necrosis/Spider_Plant_Leaf_Tip_Necrosis_010_jpg.rf.feeff9a9297839773e75cefb9d801cc5.jpg,watering
