image,source,orig_label,label,mask,mask_ratio
data/raw/indoor/indoor/test/Money_Plant_Healthy/Money_Plant_Healthy_024_jpg.rf.018f9de0ce68414abd8656ad3ffc2ec5.jpg,indoor,Money_Plant_Healthy,healthy,,
data/raw/wilted/houseplant_images/healthy/healthy_075.jpg,wilted,healthy,healthy,,
data/raw/wilted/houseplant_images/wilted/wilted_072.jpg,wilted,wilted,watering,,
data/raw/wilted/houseplant_images/wilted/wilted_263.jpg,wilted,wilted,watering,,
data/raw/indoor/indoor/valid/Snake_Plant_Anthracnose/Snake_Plant_Anthracnose_006_jpg.rf.8282ab2159e4b337ef7b777fb70f02b4.jpg,indoor,Snake_Plant_Anthracnose,fungal_bacterial,,
data/raw/indoor/indoor/test/Money_Plant_Bacterial_wilt_disease/Money_Plant_Bacterial_wilt_disease_084_jpg.rf.967170278a9bc6050173abf6f0fd1afb.jpg,indoor,Money_Plant_Bacterial_wilt_disease,fungal_bacterial,,
data/raw/plantseg/plantseg/images/test/cabbage_alternaria_leaf_spot_google_0341.jpg,plantseg,cabbage alternaria leaf spot,fungal_bacterial,data/raw/plantseg/plantseg/annotations/test/cabbage_alternaria_leaf_spot_google_0341.png,0.1069113576989731
data/raw/plantseg/plantseg/images/test/coffee_leaf_rust_google_0090.jpg,plantseg,coffee leaf rust,fungal_bacterial,data/raw/plantseg/plantseg/annotations/test/coffee_leaf_rust_google_0090.png,0.4601472868217054
data/raw/indoor/indoor/valid/Cactus_Dactylopius_Opuntia/Dactylopius_opuntia (80).png,indoor,Cactus_Dactylopius_Opuntia,pest,,
data/raw/indoor/indoor/valid/Cactus_Dactylopius_Opuntia/Dactylopius_opuntia (335).png,indoor,Cactus_Dactylopius_Opuntia,pest,,
data/raw/indoor/indoor/valid/Spider_Plant_Leaf_Tip_Necrosis/Spider_Plant_Leaf_Tip_Necrosis_071_jpg.rf.95726a29ae8672473b15915427864a7f.jpg,indoor,Spider_Plant_Leaf_Tip_Necrosis,other,,
data/raw/indoor/indoor/valid/Money_Plant_Manganese_Toxicity/Money_Plant_Manganese_Toxicity_060_jpg.rf.a999240d914b4f809bf37e56f883100b.jpg,indoor,Money_Plant_Manganese_Toxicity,other,,
